1;"http://mxd.poptang.com"
2;"http://www.poptang.com"
6;"http://mxd.poptang.com/web/home/czzq.asp"
7;"http://mxd.poptang.com/end/gameend.htm"
8;"Nsimsun"
9;"宋体"
10;"Tahoma"
11;"装备"
12;"消耗"
13;"设置"
14;"其他"
15;"宠物"
16;"新手"
17;"战士"
18;"魔法师"
19;"弓箭手"
20;"飞侠"
21;"管理员"
23;"剑客"
24;"勇士"
25;"英雄"
26;"准骑士"
27;"骑士"
28;"圣骑士"
29;"枪战士"
30;"龙骑士"
31;"黑骑士"
33;"法师"
34;"巫师"
35;"魔导师"
36;"牧师"
37;"祭司"
38;"主教"
40;"猎手"
41;"射手"
42;"神射手"
43;"弩弓手"
44;"游侠"
45;"箭神"
47;"刺客"
48;"无影人"
49;"隐士"
50;"侠客"
51;"独行客"
52;"侠盗"
53;"服务器人数已满
请稍后再试！"
54;"死亡状态中不能执行该操作"
55;"想返回开始界面吗？"
56;"先按确定键确认是否可用该角色名。"
57;"身份证号码不正确
请重新输入！"
58;"不能再创建新角色。"
59;"是否删除该角色？"
60;"[创建角色注意事项]
请使用文明用语，否则将被系统限制！"
61;"'%s'是已使用的角色名"
62;"'%s'是可以使用的角色名"
63;"发生未知错误
不能做角色名检测。"
64;"发生未知错误
无法创建新角色。"
65;"无法连接游戏服务器
请稍等后再试"
66;"与游戏服务器连接中断
请稍等后再试"
67;"与服务器连接发生错误
请稍等后再试。"
68;"无法登陆服务器。
详情查看冒险岛ONLINE官方网站。"
69;"查看冒险岛ONLINE官方网站"
70;"与登录服务器连接中断
请稍等后再试。"
71;"没有数据文件
请下载最新客户端。"
72;"不正确的游戏DATA.
请你下载最新客户端。"
73;"不正确的游戏数据
请下载最新客户端。"
74;"不正确的客户端
请载最新客户端。"
75;"与服务器连接发现错误
请稍等后再试"
76;"与其他软件发生冲突
请关闭其它软件后再试。如还发生该问题，请重新启动电脑再试或访问官方网站。"
77;"与其他软件发生冲突。
可能是电脑病毒，请先使用杀毒软件清除病毒后再试！"
78;"该IP地址被禁止
或点数不足。"
79;"/悄悄话"
80;"/组队"
81;"/好友"
82;"/所有人"
83;"/找人"
84;"/交易"
85;"/商店"
86;"/物品移动"
87;"/组队状况"
88;"/组队开启"
89;"/组队离开"
90;"/组队邀请"
91;"/组队退出"
92;"/呕吐"
93;"/哎呀"
94;"/邀请"
95;"/宠物"
96;"正在处理别的事情。"
97;"管理帐户无法进行。"
98;"不能与别的操作同时进行。"
99;"新手不能当队长。"
100;"你不是队长。"
101;"‘%s'玩家不是这组队的队员。"
102;"向‘%s'玩家传给了悄悄话。"
103;"找不到了‘%s'玩家。"
104;"‘%s'玩家在‘%s'里。"
105;"‘%s'玩家在冒险岛ONLINE商城中"
106;"‘%s'玩家的现在位置是‘%s'"
107;"‘%s'玩家在特别活动地区里"
108;"‘%s'玩家现在拒绝悄悄话的状态。"
109;"你未加入组或没有在线的队员。"
110;"没有可对话的好友。"
111;"成功停止了。"
112;"失败停止了。"
113;"成功解止了。"
114;"提示语语法上有问题。请再确认。"
115;"失败解止了。"
116;"在排行榜上解除成功了。"
117;"不正确的角色名。"
118;"在排行榜上解除失败了。"
119;"是不正确的NPC名或变数名。"
120;"/问题"
121;"/答案"
122;"/评分"
123;"/退出"
124;"/说明"
125;"/开始"
126;"/再开始"
127;"/祈啊福扁"
128;"/五子棋"
129;"/图片"
130;"/奖品"
131;"/赠送"
132;"/送奖品"
133;"/对阵表"
134;"/ulist"
135;"/send"
136;"背包已满"
137;"金币不足"
138;"现在无法操作。
请稍等后再试。"
139;"你现在所处的位子。
不能查看大地图！"
140;"请输入用喇叭想说的内容。"
141;"请注意敏感用词"
142;"在这里用不上。"
143;"在彩虹岛里不能使用。"
145;"在这里做不了。"
146;"不能到别的岛去。"
147;"过分的冒险心会妨碍升级

真愿意开包子吗？"
148;"现在不能聊天。"
149;"得到经验值 (+%d)"
150;"获取金币 (+%d)"
151;"获取物品 (%s %d个)"
152;"获取物品 (%s)"
153;"丢弃物品 (%s %d个)"
154;"丢弃物品 (%s)"
155;"不能拣取物品。"
156;"现金道具[%s]已过期
道具被清除了。"
157;"正在处理别的请求。
请稍后再试。"
158;"增加'%s'了人气度。"
159;"降低了'%s'的人气度。"
160;"角色名不正确。"
161;"等级不满15级的角色不能使用人气度功能。"
162;"今天不能再使用人气度功能。"
163;"这个月不能再操作特定角色的人气度。"
164;"‘%s'玩家提高了‘%s'玩家的人气度。"
165;"‘%s'玩家降低了‘%s'玩家的人气度。"
166;"未知原因操作人气度失败。"
167;"请你稍后再试。"
168;"‘%s'玩家处于拒绝组队状态。"
169;"%s同志拒绝了组队招待。"
170;"开新组队。"
171;"从组队被退出了。"
172;"组队结束。"
173;"‘%s'玩家从组队被退出了。"
174;"‘%s'玩家离开组队。"
175;"队长退出，组队结束了。"
176;"由队长解体组队，从组队出去。"
177;"加入组队。"
178;"‘%s'玩家参加到组队。"
179;"已经加入其他组。"
180;"新手不能开启组队。"
181;"没有参加的组对。"
182;"组队成员已满"
183;"发生未知错误，
不能处理组队邀请。"
184;"组员:"
185;"你是队长。"
186;"找不到该角色。"
187;"已加入的好友。"
188;"不能把自己加入到好友。"
189;"未加入好友。"
190;"没做登录邀请的好友"
191;"现在关闭了缩地门。"
192;"不能去别的岛"
193;"不正确的频道号"
194;"这里是优秀会员专用区。
在线中你可受有些
特别的服务。"
195;"哦哦。。。你想领养我创造的宠物啊！有些事情我必须告诉你！我是开采生命水的魔法师。

那些宠物是我在娃娃身上加上生命水后，再用魔法创造的魔法生命。我研究有关生命的魔法已经很长时间了，终于发现了创造生命的魔法。但还是有缺点，那就是－－没有生命水，这魔法也会消失。而且生命水每次采集的数量很少。所以那些宠物，那些宠物每隔一段时间都需要复活一次。。。"
196;"当生命水消耗完的时候，它就会回到娃娃的状态。虽然这是很悲伤的事情，但也不必太伤心。用生命水就可以使它复活。为了能让大家一直拥有可爱的宠物，我现在每天都在很深的地下开采生命水。如果以后你需要生命水的话，去找我的徒弟吧。你可别忘记，宠物的日子只有”90”天罢了。你千万要珍惜它。。。"
197;"结束了魔法的时间，不能动作下去。"
198;"亲密度增加 (+%d)"
199;"亲密度下降 (%d)"
200;"宠物肚子饿，刚才回家了。"
201;"宠物全消生命水变了娃娃。"
202;"卷轴发出一道亮光，在道具上添加了某种神秘的能力。"
203;"卷轴发出一道亮光，但是道具没有任何变化。"
204;"想用音乐箱奏歌曲吗？"
205;"航班时刻表如下。"
206;"出发前5分钟可以进入候车室。"
207;"已经关闭了。"
208;"已经满员了。现在不能进去。"
209;"正在做别的事情。"
210;"死亡状态中不能执行该操作。"
211;"在特别活动中不能执行该操作。"
212;"该角色不能执行该操作。"
213;"不可能做另外交易。"
214;"在这里不能开办店铺。"
215;"在同一个地图里
才可以做交易。"
216;"	‘%s'玩家正在做别的事。"
217;"‘%s'玩家拒绝了你的邀请。"
218;"‘%s'同志是拒绝邀请的状态。"
219;"对方中止交易。"
220;"交易成功了。
请再确认交易的结果。"
221;"交易失败了。"
222;"双方在不同的地图不能交易。"
223;"要登记多少?"
224;"真要做交易吗?"
225;"请输入要开办的店铺名。"
226;"每%d个当%s金币"
227;"%s金币"
228;"店铺关门"
229;"该物品已售完"
230;"物品的数量应该是销售单位的倍数。"
231;"总价是%d金币。
真愿意买物品吗？"
232;"不能加卖物品。"
233;"单位销售"
234;"单价"
235;"物价"
236;"要卖的物品总量"
237;"每单位的物品数量"
238;"该商品已经售完。"
239;"请输入要开的游戏名"
240;"因为你的金币不足,你不能参加。"
241;"在这里不能开游戏房。"
242;"个人商店只在自由市场上
可以开设."
243;"[%s]加入房间。"
244;"[%s]退出房间。"
245;"[%s]玩家申请退出房间。"
246;"[%s]玩家取消退出申请。"
247;"[%s]玩家强行退出房间。"
248;"你被强制退出房间。"
249;"[%s]玩家弃权了。"
250;"[%s]玩家的让步要求被同意了。"
251;"从游戏房被踢出了。"
252;"本轮由[%s]玩家翻牌。"
253;"[%s]玩家成功了，继续进行。"
254;"由[%s]玩家金币不足，不能开始游戏。"
255;"开始了。"
256;"游戏结束了。
10秒后自动关房。"
257;"剩下10秒"
258;"关房了。"
259;"赢了。"
260;"平局。"
261;"输了。"
262;"真的弃权吗？"
263;"要退出对方吗？"
264;"对方请求平局。
同意吗？"
265;"要向对方请求平局吗？"
266;"对方拒绝了平局请求。"
267;"让步请求每一局只可以一次。"
268;"对方请求让步一手。
同意吗？"
269;"要向对方请求让步一手吗？"
270;"对方拒绝了你的让步请求。"
271;"要预定退房吗？"
272;"要取消预定退房吗？"
273;"剩下时间 : %d 秒"
274;"[%s]玩家的顺序。"
275;"真要退房吗？"
276;"请输入密码。"
277;"密码不对了。"
278;"愿意非公开游戏吗？"
279;"不能进入锦标赛房。"
280;"双活三位置。"
281;"不能在这里放下。"
282;"不能飘在这里"
283;"接受物品的角色名不正确。"
284;"操作成功。请再确认结果。"
285;"正在执行其他操作。"
286;"不能搬到同账户的角色。"
287;"对方正在连接游戏。"
288;"对方的物品背包里没有空间。"
289;"没有要搬给的物品或金钱。"
290;"未登录的角色。"
291;"未知原因，请求失败。"
292;"如果选择换购该商品
该商品就会在物品框中消失
其现在价格的30％将转化为你的抵用券
用抵用券也可以购买商品。
确实要换购该商品吗？"
293;"增加%s窗空格数量 (%d点券)
 真要增加%s窗的空格数量吗？"
294;"增加仓库空间 (%d点券)
真要增加仓库空间吗？"
295;"不能增加被选的背包空格数。"
296;"不能增加扩充仓库空间。"
297;"由职业限制不能使用该道具。
还要买道具吗？"
298;"等级不够无法使用该道具。
还要买道具吗？"
299;"人气度不足无法使用该道具。
还要买道具吗？"
300;"(因为有需要的能力要求
不能用有些道具。)"
301;"该道具已存在。
真要买道具吗？"
302;"现在你装备的武器
不能使用这种道具。
你真想要购买吗？"
303;"%s (%d点券)
你想购买这个道具吗？"
304;"一共 %d点券
"
305;"你想购买这些道具吗？"
306;"关心物品目录上已满了。"
307;"买好了你选的道具。
(但是买不到有些道具。)"
308;"请输入要增送礼物的角色名
只能赠送给同一世界的玩家。"
309;"%s (%d点券)
把这个道具送给‘%s'作礼物吗？"
310;"请确认身份证号后
再试。"
311;"在关心物品目录上已经有同样的道具。"
312;"关心商品目录已满了。"
313;"买好了。"
314;"把%d个‘%s'送给
[%s]作礼物。"
315;"增加了背包的容量。"
316;"删除了现金道具。"
317;"超过了工作时间。
暂时后请再试图。"
318;"点券余额不足。"
319;"未满14岁的用户不能
赠送现金道具。"
320;"超过了可以送礼物的限界额。"
321;"请确认是否超过
可以保有的现金道具数量。"
322;"请确认角色名是否正确
或有性别限制。"
323;"你的性别不适合这种领奖卡。"
324;"请再确认领奖卡号码是否正确。"
325;"领奖卡已过期作废。"
326;"领奖卡已经领过奖。"
327;"这种领奖卡是专用道具。
所以你不能赠送别。"
328;"这种道具只在优秀会员网吧
买得到。"
329;"恋人道具只能赠送给相同频道的
不同性别的角色。请确认
是否你要送礼物的角色
在同一频道或性别不同。"
330;"超过了点卷购买限制额。"
331;"因为发生未知错误。
不能进入到冒险岛ONLINE商城。"
332;"用抵用券买道具。"
333;"我要送礼物给别人。"
334;"只有没期限的道具可以换购。"
335;"这种道具不能换购。
有期限的和按次消耗的道具
都不能换购。"
336;"现金道具换购成功。
(增加%d 抵用券)"
337;"到今选上来的关心物品目录"
338;"欢迎您来到冒险岛ONLINE商城。"
339;"正在准备商品。请原谅给大家不便。"
340;"	点券"
341;"(%d个)"
342;"加在关心物品目录上。"
343;"[宠物]%s"
344;"仓库增加。"
345;"把仓库或背包空格增加4个（1列）(现在:%d个)\
600点券"
346;"请你正确输入领奖卡号码30个。"
347;"请你正确输入要送礼物的角色名。"
348;"要送礼物的角色名"
349;"用领奖卡"
350;"和 
"
352;"
%s %d个"
353;"抵用券 %d点"
354;"%d金币"
355;"向%s玩家"
356;"收到了 
"
358;"送到了。 
"
360;"充值"
361;"现在不销售的商品。"
362;"单手剑"
363;"单手斧"
364;"单手钝器"
365;"短刀"
366;"短杖"
367;"长杖"
368;"双手剑"
369;"双手斧"
370;"双手钝器"
371;"枪"
372;"矛"
373;"弓"
374;"弩"
375;"拳套"
376;"帽子"
377;"脸饰"
378;"眼饰"
379;"耳环"
380;"套服"
381;"上衣"
382;"裤/裙"
383;"鞋子"
384;"手套"
385;"披风"
386;"盾牌"
387;"戒指"
388;"非常快"
389;"比较快"
390;"快"
391;"普通"
392;"慢"
393;"比较慢"
394;"非常慢"
395;"'%s'玩家送给你的礼物。"
396;"可以用%d天"
397;"到%04d年 %d月 %d日 %02d时可以用"
398;"武器分类 : %s"
399;"攻击速度 : %s"
400;"装备分类 : %s"
401;"攻击力 : +%d"
402;"魔法力 : +%d"
403;"防御力 : +%d"
404;"魔法防御力 : +%d"
405;"命中率 : +%d"
406;"回避率 : +%d"
407;"手技 : +%d"
408;"移动速度 : +%d"
409;"跳跃力 : +%d"
410;"直接攻击时%d的比率发生后退现象。"
411;"可升级次数 : %d回"
412;"'%s'玩家送给你的礼物"
413;"是与‘%s'玩家之间的恋人戒指。"
414;"[现在等级 %d]"
415;"[下次等级 %d]"
416;"魔法时间：%d天"
417;"结束了魔法时间。"
418;"魔法时间：到 %04d年 %d月 %d日 %02d时"
419;"%s / %s / %s / 优秀"
420;"好友"
421;"组队"
422;"无"
423;"输入想加为好友的角色名。"
424;"输入在组队想邀请的角色名。"
425;"真要把'%s'玩家从好友目录上消除吗？"
426;"'%s'玩家"
427;"连接了"
428;"与'%s'玩家"
429;"是同channel"
430;"冒险岛ONLINE商城"
431;"因为发生未知错误，你的请求无法处理"
432;"好友目录已满了。"
433;"对方的好友目录已满了。"
434;"已经是好友。"
435;"没登录的角色。"
436;"不能把管理员加为好友。"
437;"'%s'玩家的"
438;"招待邀请。"
439;"招待好友。"
440;"交易申请。"
441;"彩虹岛"
442;"金银岛"
443;"没有有关任务的信息。"
444;"管理用账号不能扔掉金币。"
445;"扔掉多少？"
446;"- 向‘%s'同志传递了招待邀请。"
447;"- 找不到‘%s'玩家。"
448;"%s玩家现在是拒绝聊天状态。"
449;"%s玩家拒绝了邀请。"
450;"- 向‘%s'玩家发出聊天邀请。"
451;"‘%s'玩家邀请你
聊天。是否应待？"
452;"请输入悄悄话的对象。"
453;"账户不对。"
454;"不能和自己说悄悄话。"
455;"对所有人"
456;"对组队"
457;"对好友"
458;"悄悄话"
459;"请输入想传递的内容。"
460;"该名字已经存在
换名字吗？"
461;"请给宠物起名字。"
462;"不会用该名字。"
463;"%s

这名字对吗？"
464;"要用福包受%d金币吗？"
465;"用福包受到了
%d金币。"
466;"失败了用福包。"
467;"[ 冒险岛ONLINE通讯 帮助 ]"
468;"招待 ：/招待 角色名"
469;"结束 ：/q"
470;"- ‘%s'玩家入场了。(%s)"
471;"- 不能参与受招待的聊天房。"
472;"- ‘%s'玩家退出房间。"
473;"- 请输入另外角色名。"
474;"- 角色名不正确。"
475;"	玩家正在输入。"
476;"角色名长度应在%d字符以上。"
477;"角色名长度应在%d字符以下。"
478;"角色名里不能包含空格。"
479;"在角色名包含
非法字符。"
480;"在角色名包含
限制字符。"
481;"对角色名不恰当。"
482;"冒险岛ONLINE文件夹"
483;"桌面"
484;"只能输入数字。"
485;"只有%d以上的数字可以输入"
486;"只有%d以下的数字可以输入"
487;"应该要输入%d字符以上。"
488;"请输入身份证号。"
489;"个人信息"
490;"人气度 +"
491;"人气度 -"
493;"交易申请"
494;"组队邀请"
495;"储存名字"
496;"因为有系统上的错误连接不上。"
497;"账户已删除或禁止连接"
498;"未登录的账户。"
499;"密码不对。"
500;"现在已连接的账户或
在检查服务器。"
501;"保存邮件地址"
502;"邮件地址应在%d字符以上。"
503;"邮件地址应在%d字符以下。"
504;"邮件地址应该包含‘@’
(例）maple@wizet.com"
505;"在邮件地址应该包含‘.’
(例）maple@wizet.com"
506;"密码应在%d字符以上。"
507;"密码应在%d字符以下。"
508;"只有20岁以上的用户可以进入。"
509;"不是合作网吧。"
510;"超过了每IP允许的连接数量。"
511;"期完的IP"
512;"不是可以利用的时间。"
513;"真要买吗？"
514;"买多少？"
515;"真要卖吗？"
516;"卖多少？"
517;"物品不够。"
518;"请确认是不是你的
背包的空间不够。"
519;"发生未知错误，不能交易。"
520;"	金币"
521;"%s 金币 / 充值 : %d"
522;"真充值吗？"
523;"真取出吗？"
524;"保管一次需要%d金币
真要保管吗？"
525;"保管几个？"
526;"取出多少？"
527;"保管多少？"
528;"仓库已满。"
529;"能力值不足，不能使用该道具。"
530;"恋人戒指每个人只能带一个。"
531;"你基本上应该装备某种道具
才可以使用。"
532;"与现在你装备的武器
不能一起使用。"
533;"与现在你装备的现金道具
不能以其使用。
请你先脱该道具后再试。"
534;"管理帐户
不能扔掉道具。"
535;"这种道具不能扔掉。"
536;"	这种道具扔掉后不能
再捡起来，还要扔掉吗？
任务也不能正常进行。"
538;"这种道具不能给别人。"
539;"提出多少？"
540;"[欢迎] 欢迎光临冒险岛ONLINE世界。"
541;"[冒险岛ONLINE 帮助]"
542;"[公告事项]"
543;"请文明游戏
禁止刷屏！"
544;"你的话太多了
别人会讨厌的。"
545;"不能连接。"
546;"剩下时间:%.2f分 %.2f秒"
547;"在特别活动用地图上不能说悄悄话。"
548;"[答案:"
549;"用户太少不能开始。"
550;"还没设定奖品。"
551;"恭喜你！上去到%d强战。"
552;"恭喜你！晋级决赛。"
553;"恭喜你成为冠军。"
554;"成功地设定了奖品。"
555;"失败了奖品设定。
请再确认物品号码。"
556;"--------奖品--------
第1名 : %s
	 第2名 : %s"
557;"%s %02d时 %02d分 %02d秒"
558;"自动更新发生错误，请你下载最新的客户端。"
559;"在冒险岛世界过得愉快了吗？

如果画面便成黑色和什么也看不上，
或者在画面上表出频率范围超过等警告，

实行[开始程序->Maplestory->Setup]
同时调整频率范围吧。"
560;"文化部《互联网文化管理暂行规定》第十七条
互联网文化单位不得提供载有以下内容的文化产品：
(一)反对宪法确定的基本原则的
(二)危害国家统一、主权和领土完整的
(三)泄露国家秘密、危害国家安全或者损害国家荣誉和利益的
(四)煽动民族仇恨、民族歧视，破坏民族团结，或者侵害民族风俗、习惯的
(五)宣扬邪教、迷信的
(六)散布谣言，扰乱社会秩序，破坏社会稳定的
(七)宣扬淫秽、赌博、暴力或者教唆犯罪的
(八)侮辱或者诽谤他人，侵害他人合法权益的
(九)危害社会公德或者民族优秀文化传统的
(十)有法律、行政法规和国家规定禁止的其他内容的。
 文化部网络游戏举报和联系电子邮箱wy@ccm.gov.cn"
561;"#e 冒险岛ONLINE 基本操作法#n

#b   ← → 方向键: #k左右移动
#bAlt : #k跳跃
#bCtrl : #k攻击
#bZ键 : #k拣取地上的物品
#b ↑↓方向键(梯,绳): #k 爬梯,吊绳
#b↑方向键(跳转光门）: #k移动到另外地方
#b鼠标双击 : #k跟NPC说话"
562;"----------------- 帮助 -----------------"
563;"/组队情报:告诉现在组队的情况。"
564;"/组队开启:开新的组队。"
565;"/组队离开:从现在参加的组队脱出。"
566;"/组队邀请 角色名:到组对邀请。(只有队长能做）"
567;"/组队退出 角色名:从组队退出。(只有队长能做）"
568;"/找 角色名:告诉该角色是否连接/现在的位置。"
569;"/交易 角色名:邀请交易。"
570;"/好友:跟现在连接的好友聊天。"
571;"/组队:跟现在连接的队员聊天。"
572;"/悄悄话 角色名:设定悄悄话状态(省略角色名时最近的对方）"
573;"/所有人 :不是悄悄话，而是设定一般对话。"
574;"#e欢迎来到测试区。#n
这里是为了事前试验在冒险岛正式世界上增补或修改的内容被创造的地方。
\因此有如下的限制。

#b1. 在测试区上为了有效的实验角色的生长速度更快
 这样的任何信息在正式世界上没有效力。
2. 测试区的角色信息不能共有与正式世界。
3. 测试区里的角色信息尽管没有用户的同意
就可以重启。
4. 测试区的服务虽然没有任何公告
就可以中断。
5. 在这里试验的内容，说不定在正是世界上反映。
6. 实验内容适用在正式世界时会改变详细的数值。
"
575;"男"
576;"女"
577;"dhlrPdlsqjwjs"
578;"WvsClientMtx"
579;"cmap.img"
580;"cmap.img/%d"
581;"smap.img"
582;"zmap.img"
583;"map"
584;"ShandaADBallon"
585;"ShandaADBrowser"
586;"ad."
587;"Mob/%07d.img"
588;"Npc/%07d.img"
589;"Item/Pet/%07d.img"
590;"Canvas"
591;"Property"
592;"Shape2D#Vector2D"
593;"origin"
594;"default"
595;"info"
596;"link"
597;"a0"
598;"a1"
599;"z0"
600;"z1"
601;"lt"
602;"rb"
603;"%d"
604;"%u"
605;"%s"
606;"%s%s"
607;"
"
608;"Effect/BasicEff.img"
609;"NoRed0"
610;"NoRed1"
611;"NoBlue0"
612;"NoBlue1"
613;"NoViolet0"
614;"NoViolet1"
615;"x"
616;"y"
617;"z"
618;"fall"
619;"interval"
620;"count"
621;"start"
622;"duration"
623;"fixed"
624;"bullet"
625;"Miss"
626;"Effect/Quest.img/%d"
627;"Etc/EmotionEffect/%s"
628;"blink"
629;"hit"
630;"smile"
631;"troubled"
632;"cry"
633;"angry"
634;"bewildered"
635;"stunned"
636;"vomit"
637;"oops"
638;"cheers"
639;"chu"
640;"wink"
641;"pain"
642;"glitter"
643;"move"
644;"walk1"
645;"walk2"
646;"alert"
647;"alert2"
648;"swingO1"
649;"swingO2"
650;"swingO3"
651;"swingOF"
652;"swingT1"
653;"swingT2"
654;"swingT3"
655;"swingTF"
656;"swingP1"
657;"swingP2"
658;"swingPF"
659;"stabO1"
660;"stabO2"
661;"stabOF"
662;"stabT1"
663;"stabT2"
664;"stabTF"
665;"proneStab"
666;"prone"
667;"shoot1"
668;"shoot2"
669;"shoot6"
670;"shootF"
671;"stand"
672;"stand0"
673;"stand1"
674;"stand2"
675;"stand3"
676;"heal"
677;"jump"
678;"fly"
679;"ladder"
680;"ladder2"
681;"rope"
682;"rope2"
683;"dead"
684;"sit"
685;"savage"
686;"float"
687;"regen"
688;"magic"
689;"magic1"
690;"throw"
691;"ball"
692;"ball1"
693;"ball2"
695;"hit1"
696;"hit2"
697;"hitF"
698;"attack1"
699;"attack2"
700;"attack3"
701;"attack4"
702;"attack5"
703;"attack6"
704;"attack7"
705;"attack8"
706;"attackF"
707;"die"
708;"die1"
709;"die2"
710;"dieF"
711;"bomb"
712;"rest0"
713;"rest1"
714;"hungry"
715;"hang"
716;"brow"
717;"face"
718;"act"
719;"action"
720;"frame"
721;"summon"
722;"summoned"
723;"alert3"
724;"alert4"
725;"avenger"
726;"assaulter"
727;"burster1"
728;"burster2"
729;"prone2"
730;"delay"
731;"islot"
732;"vslot"
733;"sfx"
734;"afterImage"
735;"walk"
736;"attack"
737;"attackSpeed"
738;"head"
739;"zigzag"
740;"hairShade"
741;"H4H5"
742;"beast"
743;"dragon"
744;"undead"
745;"etc"
746;"GameObject"
747;"Creature"
748;"User"
749;"Npc"
750;"Mob"
751;"Item"
752;"Patcher.exe"
753;"NewPatcher.exe"
754;"NewPatcher.chk"
755;"Patcher.info"
756;"MapleStoryClass"
757;"MapleStory"
758;"BrowserControlPane::SaveObject
"
759;"BrowserControlPane::GetMoniker
"
760;"BrowserControlPane::GetContainer
"
761;"BrowserControlPane::ShowObject
"
762;"BrowserControlPane::OnShowWindow
"
763;"SAVEOBJECT	BrowserControlPane::RequestNewObjectLayout
"
764;"BrowserControlPane::GetWindow
"
765;"BrowserControlPane::ContextSensitiveHelp
"
766;"BrowserControlPane::CanInPlaceActivate
"
767;"BrowserControlPane::OnInPlaceActivate
"
768;"BrowserControlPane::OnUIActivate
"
769;"BrowserControlPane::GetWindowContext
"
770;"BrowserControlPane::Scroll
"
771;"BrowserControlPane::OnUIDeactivate
"
772;"BrowserControlPane::OnInPlaceDeactivate
"
773;"BrowserControlPane::DiscardUndoState
"
774;"BrowserControlPane::DeactivateAndUndo
"
775;"BrowserControlPane::OnPosRectChange
"
776;"BrowserControlPane::GetIDsOfNames
"
777;"BrowserControlPane::GetTypeInfo
"
778;"BrowserControlPane::GetTypeInfoCount
"
779;"BrowserControlPane::Invoke, dispIdMember 
"
780;"BrowserControlPane::DISPID_NEWWINDOW2
"
781;"BrowserControlPane::DISPID_NAVIGATECOMPLETE2
"
782;"BrowserControlPane::DISPID_DOCUMENTCOMPLETE
"
783;"BrowserControlPane::EnableModeless
"
784;"BrowserControlPane::FilterDataObject
"
785;"BrowserControlPane::GetDropTarget
"
786;"BrowserControlPane::GetExternal
"
787;"BrowserControlPane::GetHostInfo
"
788;"BrowserControlPane::GetOptionKeyPath
"
789;"BrowserControlPane::HideUI
"
790;"BrowserControlPane::OnDocWindowActivate
"
791;"BrowserControlPane::OnFrameWindowActivate
"
792;"BrowserControlPane::ResizeBorder
"
793;"BrowserControlPane::ShowContextMenu
"
794;"BrowserControlPane::ShowUI
"
795;"BrowserControlPane::TranslateAccelerator
"
796;"BrowserControlPane::TranslateUrl
"
797;"BrowserControlPane::UpdateUI
"
798;"BrowserControlPane::ShowHelp
"
799;"BrowserControlPane::ShowMessage
"
800;"UI/CashShop.img/CSChar/BtBuyAvatar"
801;"UI/CashShop.img/CSChar/BtDefaultAvatar"
802;"UI/CashShop.img/CSLocker/BtRebate"
803;"UI/CashShop.img/CSInventory/BtExEquip"
804;"UI/CashShop.img/CSInventory/BtExConsume"
805;"UI/CashShop.img/CSInventory/BtExInstall"
806;"UI/CashShop.img/CSInventory/BtExEtc"
807;"UI/CashShop.img/CSInventory/BtExPet"
808;"UI/CashShop.img/CSInventory/BtExTrunk"
809;"UI/CashShop.img/CSTab/Tab/%d"
810;"UI/CashShop.img/CSList/Base"
811;"UI/CashShop.img/PicturePlate/HowTo"
812;"UI/CashShop.img/PicturePlate/NoItem"
813;"UI/CashShop.img/NewItem"
814;"UI/CashShop.img/CSList/BtBuy"
815;"UI/CashShop.img/CSList/BtGift"
816;"UI/CashShop.img/CSList/BtReserve"
817;"UI/CashShop.img/CSList/BtRemove"
818;"UI/CashShop.img/CSStatus/BtCharge"
819;"UI/CashShop.img/CSStatus/BtCheck"
820;"UI/CashShop.img/CSStatus/BtCoupon"
821;"UI/CashShop.img/CSStatus/BtExit"
822;"Tab"
823;"DlgNotice"
824;"BuyShopItem"
825;"DragEnd"
826;"Invite"
827;"ScrollUp"
828;"CharSelect"
829;"RollUp"
830;"RollDown"
831;"GameIn"
832;"DropItem"
833;"PickUpItem"
834;"Whistle"
835;"Sound/BgmUI.img/ShopBgm"
836;"Sound/BgmUI.img/NxLogo"
837;"Sound/BgmUI.img/WzLogo"
838;"Sound/Bgm04/ArabPirate"
839;"UI/Basic.img/ItemNo"
840;"UI/Basic.img/LevelNo"
841;"UI/Basic.img/BtOK"
842;"UI/Basic.img/BtCancel"
843;"UI/Basic.img/BtOK2"
844;"UI/Basic.img/BtCancel2"
845;"UI/Basic.img/CheckBox/%d"
846;"UI/Basic.img/BtMin"
847;"UI/Basic.img/BtMax"
848;"UI/UIWindow.img/MiniMap/BtMap"
849;"UI/Basic.img/HScr"
850;"UI/Basic.img/VScr"
851;"UI/Basic.img/Slider/thumbNormal"
852;"UI/Basic.img/Slider/thumbPressed"
853;"UI/Basic.img/Slider/thumbDisabled"
854;"UI/Basic.img/Slider/thumbMouseOver"
855;"UI/Basic.img/Slider/left"
856;"UI/Basic.img/Slider/mid"
857;"UI/Basic.img/Slider/right"
858;"String/ToolTipHelp.img/Shop/Button/BuyAvatar"
859;"String/ToolTipHelp.img/Shop/Button/DefaultAvatar"
860;"String/ToolTipHelp.img/Shop/Button/Rebate"
861;"String/ToolTipHelp.img/Shop/Button/ExEquip"
862;"String/ToolTipHelp.img/Shop/Button/ExConsume"
863;"String/ToolTipHelp.img/Shop/Button/ExInstall"
864;"String/ToolTipHelp.img/Shop/Button/ExEtc"
865;"String/ToolTipHelp.img/Shop/Button/Charge"
866;"String/ToolTipHelp.img/Shop/Button/Check"
867;"String/ToolTipHelp.img/Shop/Button/Coupon"
868;"UI/UIWindow.img/Coupon/backgrnd"
869;"UI/UIWindow.img/FadeYesNo/BtOK"
870;"UI/UIWindow.img/FadeYesNo/BtCancel"
871;"UI/UIWindow.img/FadeYesNo/icon0"
872;"UI/UIWindow.img/FadeYesNo/icon1"
873;"UI/UIWindow.img/FadeYesNo/icon2"
874;"UI/UIWindow.img/FadeYesNo/icon3"
875;"UI/UIWindow.img/FadeYesNo/icon4"
876;"UI/UIWindow.img/FadeYesNo/backgrnd"
877;"UI/UIWindow.img/FadeYesNo/backgrnd2"
878;"UI/UIWindow.img/FloatNotice/%d"
879;"UI/CashShop.img/Base/backgrnd"
880;"UI/NameTag/%d"
881;"UI/MapLogin.img"
882;"UI/Login.img/Common/frame"
883;"UI/Login.img/Common/selectWorld"
884;"UI/Login.img/Common/step/%d"
885;"UI/Login.img/Common/shadow"
886;"UI/Login.img/Common/BtStart"
887;"UI/Login.img/CharSelect/effect/0"
888;"UI/Login.img/CharSelect/effect/1"
889;"UI/Login.img/CharSelect/BtSelect"
890;"UI/Login.img/CharSelect/BtNew"
891;"UI/Login.img/CharSelect/BtDelete"
892;"UI/Login.img/CharSelect/charInfo"
893;"UI/Login.img/CharSelect/nameTag"
894;"UI/Login.img/Notice/backgrnd/0"
895;"UI/Login.img/Notice/backgrnd/1"
896;"UI/Login.img/Notice/backgrnd/2"
897;"UI/Login.img/Notice/BtYes"
898;"UI/Login.img/Notice/BtNo"
899;"UI/Login.img/Notice/text/%d"
900;"UI/Login.img/NewChar/avatarSel"
901;"UI/Login.img/NewChar/BtLeft"
902;"UI/Login.img/NewChar/BtRight"
903;"UI/Login.img/NewChar/scroll/0"
904;"UI/Login.img/NewChar/BtCheck"
905;"UI/Login.img/NewChar/BtYes"
906;"UI/Login.img/NewChar/BtNo"
907;"UI/Login.img/NewChar/dice"
908;"UI/Login.img/NewChar/statTb"
909;"UI/Login.img/Title/BtLogin"
910;"UI/Login.img/Title/BtEmailSave"
911;"UI/Login.img/Title/BtEmailLost"
912;"UI/Login.img/Title/BtPasswdLost"
913;"UI/Login.img/Title/BtNew"
914;"UI/Login.img/Title/BtHomePage"
915;"UI/Login.img/Title/BtQuit"
916;"UI/Login.img/Title/check/0"
917;"UI/Login.img/Title/check/1"
918;"UI/Login.img/WorldSelect/BtWorld/%d"
919;"UI/Login.img/WorldSelect/BtWorld/t%d"
920;"UI/Login.img/WorldSelect/BtWorld/e"
921;"UI/Login.img/WorldSelect/chBackgrn"
922;"UI/Login.img/WorldSelect/channel/chgauge"
923;"UI/Login.img/WorldSelect/BtGoworld"
924;"WorldSelect"
925;"UI/Login.img/WorldSelect/channel/%d/normal"
926;"UI/Login.img/WorldSelect/channel/%d/disabled"
927;"UI/Login.img/WorldSelect/scroll/0"
928;"UI/Login.img/WorldSelect/scroll/1"
929;"UI/Login.img/WorldSelect/world/%d"
930;"UI/Login.img/WorldSelect/world/t%d"
931;"UI/Login.img/WorldSelect/channel/chSelect"
932;"UI/Login.img/Notice/Loading/backgrnd"
933;"UI/Login.img/Notice/Loading/BtCancel"
934;"UI/Login.img/Notice/Loading/bar"
935;"UI/Logo.img/Wizet"
936;"UI/Logo.img/Nexon"
937;"Etc/Category.img"
938;"Category"
939;"CategorySub"
940;"Name"
941;"UI/ChatBalloon.img/"
943;"npc"
944;"pet"
945;"nw"
946;"n"
947;"ne"
948;"e"
949;"w"
950;"c"
951;"sw"
952;"s"
953;"se"
954;"arrow"
955;"clr"
956;"Canvas#Font"
957;"BA"
958;"B"
959;"UI/ChatBalloon.img/miniroom"
960;"PersonalShop"
961;"Omok"
962;"backgrnd"
963;"backgrnd2"
964;"MemoryGame/%d"
965;"Lock"
966;"Unlock"
967;"cNum"
968;"mNum"
969;"Able"
970;"Disable"
971;"Progress"
972;"Etc/Curse.img"
973;"Etc/Swindle.img/"
974;"Etc/Swindle.img/%d/word"
975;"Etc/Swindle.img/%d/warn"
976;"comma"
977;"am"
978;"AM"
979;"pm"
980;"PM"
981;"normal"
982;"/normal/0"
983;"pressed"
984;"/pressed/0"
985;"disabled"
986;"/disabled/0"
987;"mouseOver"
988;"/mouseOver/0"
989;"BtMouseClick"
990;"BtMouseOver"
991;"Title"
992;"title"
993;"Desc"
994;"desc"
995;"Min"
996;"/enabled/prev0"
997;"/enabled/prev1"
998;"/enabled/next0"
999;"/enabled/next1"
1000;"/enabled/base"
1001;"/enabled/thumb0"
1002;"/enabled/thumb1"
1003;"/disabled/prev"
1004;"/disabled/next"
1005;"/disabled/base"
1006;"shipObj"
1007;"shipKind"
1008;"tMove"
1009;"f"
1010;"x0"
1011;"snowBall"
1012;"dx"
1013;"xMin"
1014;"xMax"
1015;"portal"
1016;"snowMan"
1017;"Fly"
1018;"Etc/MakeCharInfo.img/CharMale"
1019;"Etc/MakeCharInfo.img/CharFemale"
1020;"foothold"
1021;"ladderRope"
1022;"tile"
1023;"Map/Tile/"
1024;"tS"
1025;"%s/%d"
1026;"u"
1027;"no"
1028;"zM"
1029;"obj"
1030;"Map/Obj/%s.img/%s/%s/%s"
1031;"oS"
1032;"l0"
1033;"l1"
1034;"l2"
1035;"blend"
1036;"once"
1037;"obstacle"
1038;"damage"
1039;"dir"
1040;"back"
1041;"bS"
1042;"Map/Back/"
1043;"rx"
1044;"ry"
1045;"cx"
1046;"cy"
1047;"ani"
1048;"a"
1049;"type"
1050;"front"
1051;"back%d"
1052;"back/%d"
1053;"ani/%d"
1056;"moveType"
1057;"moveR"
1058;"moveW"
1059;"moveH"
1060;"moveP"
1061;"cloud"
1062;"Map/MapHelper.img/weather/cloud"
1063;"noresize"
1065;"VRLeft"
1066;"VRRight"
1067;"VRTop"
1068;"VRBottom"
1069;"bgm"
1070;"Sound/"
1073;"UI/UIWindow.img/Minigame/Omok/backgrnd"
1074;"UI/UIWindow.img/Minigame/MemoryGame/backgrnd"
1075;"UI/UIWindow.img/Minigame/Common"
1076;"UI/UIWindow.img/Minigame/MemoryGame/card"
1077;"UI/UIWindow.img/Minigame/MemoryGame/number"
1078;"UI/UIWindow.img/Minigame/Omok/stone/%d"
1079;"UI/UIWindow.img/PersonalShop/backgrnd"
1080;"UI/UIWindow.img/Shop/select"
1081;"UI/UIWindow.img/PersonalShop/BtStart"
1082;"UI/UIWindow.img/Shop/BtBuy"
1083;"UI/UIWindow.img/Shop/BtSell"
1084;"UI/UIWindow.img/BtUIClose2"
1085;"UI/UIWindow.img/Shop/BtRecharge"
1086;"UI/UIWindow.img/Shop/backgrnd"
1087;"UI/UIWindow.img/PersonalShop/backgrnd2"
1088;"barBagic"
1089;"mark"
1090;"info2"
1091;"info3"
1092;"Enter"
1093;"Match"
1094;"NoMatch"
1095;"Draw"
1096;"Win"
1097;"Loose"
1098;"Timer"
1099;"Ready"
1100;"Open"
1101;"Mushroom"
1102;"Slime"
1103;"UI/UIWindow.img/Minigame/Common/btStart"
1104;"UI/UIWindow.img/Minigame/Common/btReady"
1105;"UI/UIWindow.img/Minigame/Common/btDraw"
1106;"UI/UIWindow.img/Minigame/Common/btAbsten"
1107;"UI/UIWindow.img/Minigame/Common/btBan"
1108;"UI/UIWindow.img/Minigame/Common/btExit"
1109;"UI/UIWindow.img/Minigame/Common/btRefund"
1110;"turn"
1111;"UI/UIWindow.img/Minigame/MemoryGame/effect%d"
1112;"charLose"
1113;"charWin"
1114;"win"
1115;"draw"
1116;"lose"
1117;"readyOn"
1118;"readyOff"
1119;"UI/UIWindow.img/MultiLine/backgrnd"
1120;"UI/UIWindow.img/MultiLine/BtClose"
1121;"msg"
1122;"iconReward"
1123;"iconRaw"
1124;"Effect/Summon.img/%d"
1125;"Sound/Skill.img/%07d/Hit"
1126;"/hitAfter"
1128;"mob"
1129;"Mob/"
1130;"Mob/%s.img"
1132;"name"
1133;"species"
1134;"bodyAttack"
1135;"boss"
1136;"level"
1137;"maxHP"
1138;"maxMP"
1139;"speed"
1140;"flySpeed"
1141;"PADamage"
1142;"PDDamage"
1143;"MADamage"
1144;"MDDamage"
1145;"acc"
1146;"eva"
1147;"exp"
1148;"pushed"
1149;"elemAttr"
1150;"hpRecovery"
1151;"mpRecovery"
1153;"pickUp"
1154;"firstAttack"
1155;"fs"
1156;"inactive"
1157;"conMP"
1159;"jumpAttack"
1160;"range"
1161;"mobCount"
1162;"attackCount"
1163;"bulletCount"
1164;"bulletConsume"
1165;"mastery"
1166;"sp"
1167;"r"
1168;"effect"
1169;"Mob/%07d.img/%s/info/effect"
1170;"Mob/%07d.img/%s/info/hit"
1171;"Mob/%07d.img/%s/info/ball"
1172;"Mob/%07d.img/%s/info/areaWarning"
1173;"Mob/%07d.img/%s/info/areaAttack"
1174;"attach"
1175;"attackAfter"
1176;"effectAfter"
1177;"UI/UIWindow.img/ItemMove/backgrnd"
1178;"UI/UIWindow.img/ItemMove/BtMove"
1179;"UI/UIWindow.img/ItemMove/BtCancel"
1180;"UI/UIWindow.img/ItemMove/BtCoin"
1181;"UI/UIWindow.img/ItemMove/BtClose"
1182;"奔覆"
1183;"UI/Basic.img/dcMark"
1184;"String/Npc.img"
1186;"Npc/"
1187;"Npc/%s.img"
1188;"dcMark"
1189;"speak"
1190;"dcLeft"
1191;"dcTop"
1192;"dcRight"
1193;"dcBottom"
1194;"shop"
1195;"trunk"
1196;"white/0"
1197;"white/1"
1198;"white/2"
1199;"black/0"
1200;"black/1"
1201;"black/2"
1202;"Effect/PetEff.img/Basic/LevelUp"
1203;"Effect/PetEff.img/Basic/Teleport"
1204;"Effect/PetEff.img/%07d/warp"
1205;"LevelUp"
1206;"String/Pet.img"
1207;"Item/Pet"
1208;"Item/Pet/"
1209;"interact"
1210;"inc"
1211;"prob"
1212;"command"
1213;"success"
1214;"fail"
1215;"food"
1216;"monolog"
1217;"pn"
1218;"pt"
1219;"tm"
1220;"tn"
1221;"pv"
1222;"Map/MapHelper.img"
1223;"game"
1224;"%2s %2d : %2d"
1225;"%2s %2d : 00"
1226;"Item/Special/0900.img"
1227;"%08d"
1228;"%s\Maple%04d.jpg"
1229;"MapleStoryAcGuardian"
1230;"%s_%08x"
1231;"cmap.img/1"
1232;"Character/Afterimage/hit.img/sword"
1233;"Character/Afterimage/hit.img/mace"
1234;"ResMan"
1235;"Sound_DX8"
1236;"NameSpace"
1237;"NameSpace#FileSystem"
1238;"fieldType"
1239;"streetName"
1240;"mapName"
1241;"mapMark"
1242;"Map/MapHelper.img/mark/"
1243;"None"
1244;"none"
1245;"fieldLimit"
1246;"area"
1247;"o"
1248;"help"
1249;"recovery"
1250;"reduceHPAmount"
1251;"bUnableToShop"
1252;"bUnableToChangeChannel"
1253;"seat"
1254;"townPortal"
1255;"timer"
1256;"clock"
1257;"page"
1258;"fc"
1259;"fb"
1260;"width"
1261;"height"
1262;"/map"
1263;"[POSITION] Map : %09d  X : %d  Y : %d"
1264;"/pos"
1265;"/chase"
1266;"/block"
1267;"/unblock"
1268;"/norank"
1269;"/channel"
1270;"/ban"
1271;"/hide"
1272;"/alert"
1273;"/notice"
1274;"/alertc"
1275;"/noticec"
1276;"/alertm"
1277;"/noticem"
1278;"/create"
1279;"/destroy"
1280;"/exp"
1281;"/pton"
1282;"/ptoff"
1283;"/ptgo"
1284;"/varset"
1285;"/varget"
1286;"/tmset"
1287;"/tmon"
1288;"%s : %s"
1289;"%s>> %s"
1290;"%s[%s]>> %s"
1291;"%s<< %s"
1292;" (%09d)"
1293;"/map %d"
1294;"floatType"
1295;"path"
1296;"/Etc/OXQuiz.img"
1297;"Map/MapHelper.img/portal/game/pg"
1298;"Map/Map"
1299;"Etc/Tips.img/info"
1300;"levelMin"
1301;"levelMax"
1303;"all"
1304;"tip"
1305;"Etc/Tips.img/all"
1306;"Etc/Tips.img/%s"
1307;"UI/UIWindow.img/TradingRoom/backgrnd"
1308;"UI/UIWindow.img/TradingRoom/BtTrade"
1309;"UI/UIWindow.img/TradingRoom/BtCoin"
1310;"UI/UIWindow.img/TradingRoom/BtReset"
1311;"UI/UIWindow.img/BtUIClose"
1312;"UI/UIWindow.img/Trunk/en"
1313;"UI/UIWindow.img/Trunk/BtGet"
1314;"UI/UIWindow.img/Trunk/BtPut"
1315;"UI/UIWindow.img/Trunk/backgrnd"
1316;"UI/UIWindow.img/MultiLine/backgrnd2"
1317;"msgIn"
1318;"4 X 3"
1319;"5 X 4"
1320;"6 X 5"
1321;"UI/UIWindow.img/MinigameTable/backgrnd"
1322;"UI/UIWindow.img/MinigameTable"
1323;"UI/UIWindow.img/MinigameTable/BtUP"
1324;"UI/UIWindow.img/MinigameTable/BtDown"
1325;"back0"
1326;"back1"
1327;"table1"
1328;"Line"
1329;"ing0"
1330;"ing1"
1331;"UI/UIWindow.img/Minigame/Omok/backgrnd2"
1332;"UI/UIWindow.img/Minigame/MemoryGame/backgrnd2"
1333;"DragStart"
1334;"UI/UIWindow.img/Item/BtCoin"
1335;"UI/UIWindow.img/Item/activeIcon"
1336;"UI/UIWindow.img/Messenger/blink"
1337;"-------------------------"
1338;"UI/UIWindow.img/Messenger/chatBalloon"
1339;"UI/UIWindow.img/Messenger/backgrnd"
1340;"UI/UIWindow.img/Messenger/backgrnd2"
1341;"UI/UIWindow.img/Messenger/backgrnd3"
1342;"UI/UIWindow.img/Messenger/charView"
1343;"UI/UIWindow.img/Messenger/BtMin"
1344;"UI/UIWindow.img/Messenger/BtMax"
1345;"UI/UIWindow/Messenger/NameBar/%d"
1346;"/q"
1347;"/Q"
1348;"miniMap"
1349;"hideMinimap"
1350;"canvas"
1351;"centerX"
1352;"centerY"
1353;"mag"
1354;"life"
1355;"UI/UIWindow.img/MiniMap"
1356;"reqLevel"
1357;"UI/UIWindow.img/Quest/backgrnd2"
1358;"UI/UIWindow.img/Quest/notice"
1359;"Etc/QuestInfo.img"
1360;"UI/UIWindow.img/Quest/line"
1361;"UI/UIWindow.img/Quest/icon0"
1362;"UI/UIWindow.img/Quest/icon1"
1363;"%07d"
1364;"island"
1365;"subject"
1366;"req"
1367;"prev"
1368;"next"
1369;"end"
1370;"UI/Basic.img/Notice/backgrnd"
1371;"UI/Basic.img/YesNo/backgrnd"
1372;"UI/Basic.img/BtYes"
1373;"UI/Basic.img/BtNo"
1374;" I"
1375;" II"
1376;" III"
1377;" IV"
1378;" V"
1379;"UI/UIWindow.img/Skill/BtSpUp"
1380;"UI/UIWindow.img/Skill/skill0"
1381;"UI/UIWindow.img/Skill/skill1"
1382;"UI/UIWindow.img/Stat/backgrnd2"
1383;"String/ToolTipHelp.img/Game/UIWnd/StatDetail"
1384;"%d (%d%+d)"
1385;"%d ~ %d"
1386;"%d%%"
1387;"UI/UIWindow.img/Stat/BtApUp"
1388;"String/ToolTipHelp.img/Game/UIWnd/Stat"
1389;"EXP : %d / %d"
1390;"%d / %d"
1391;"%d (%d%%)"
1392;"UI/StatusBar.img"
1393;"UI/StatusBar.img/gauge/bar"
1394;"UI/StatusBar.img/gauge/gray"
1395;"gauge"
1396;"hp"
1397;"mp"
1398;"pad"
1399;"pdd"
1400;"mad"
1401;"mdd"
1402;"craft"
1404;"hpCon"
1405;"mpCon"
1406;"moneyCon"
1407;"itemCon"
1408;"itemConNo"
1409;"UI/StatusBar.img/BtShop"
1410;"UI/StatusBar.img/BtShort"
1411;"UI/StatusBar.img/BtMenu"
1412;"UI/StatusBar.img/BtKey"
1413;"UI/StatusBar.img/BtQuick"
1414;"String/ToolTipHelp.img/Game/Button/Shop"
1415;"String/ToolTipHelp.img/Game/Button/Item"
1416;"String/ToolTipHelp.img/Game/Button/Equip"
1417;"String/ToolTipHelp.img/Game/Button/Stat"
1418;"String/ToolTipHelp.img/Game/Button/Skill"
1419;"String/ToolTipHelp.img/Game/Button/Chat"
1420;"String/ToolTipHelp.img/Game/Button/Menu"
1421;"base"
1422;"%s / %s / %s"
1423;"HP : %d / %d"
1424;"MP : %d / %d"
1426;"Lv.%d"
1427;"%.2f%%"
1428;"UI/UIWindow.img/ToolTip/Equip/Can"
1429;"UI/UIWindow.img/ToolTip/Equip/Cannot"
1430;"reqLEV"
1431;"reqSTR"
1432;"reqDEX"
1433;"reqINT"
1434;"reqLUK"
1435;"reqPOP"
1436;"reqJob"
1437;"tuc"
1438;"incSTR"
1439;"incDEX"
1440;"incINT"
1441;"incLUK"
1442;"incMHP"
1443;"incMMP"
1444;"incPAD"
1445;"incPDD"
1446;"incMAD"
1447;"incMDD"
1448;"incACC"
1449;"incEVA"
1450;"incCraft"
1451;"incSpeed"
1452;"incJump"
1453;"price"
1454;"cash"
1455;"knockback"
1456;"%s (%s)"
1457;"%s (+%d)"
1458;"%s (+%d%s)"
1459;"力量 : +%d"
1460;"敏捷 : +%d"
1461;"智力 : +%d"
1462;"运气 : +%d"
1463;"HP : +%d"
1464;"MP : +%d"
1465;"descD"
1466;"UI/UIWindow.img/UserInfo/backgrnd"
1467;"UI/UIWindow.img/UserInfo/backgrnd2"
1468;"UI/UIWindow.img/UserInfo/backgrnd3"
1469;"UI/UIWindow.img/UserInfo/backgrnd4"
1470;"ReqLv : %d"
1471;"UI/UIWindow.img/Stat/BtDetail"
1472;"UI/UIWindow.img/UserList/Friend"
1473;"friend0"
1474;"friend1"
1475;"friend2"
1476;"friend3"
1477;"friend4"
1478;"friend5"
1479;"friend6"
1480;"buttonbg"
1481;"icon0"
1482;"icon1"
1483;"icon2"
1484;"icon3"
1485;"%d/%d"
1486;"UI/UIWindow.img/UserList/Party"
1487;"party0"
1488;"party1"
1489;"party2"
1490;"party3"
1491;"party4"
1492;"UI/UIWindow.img/UserList/backgrnd"
1493;"UI/UIWindow.img/UserList/backgrnd2"
1494;"UI/UIWindow.img/UserList/Friend/BtAdd"
1495;"UI/UIWindow.img/UserList/Friend/BtDelete"
1496;"UI/UIWindow.img/UserList/Friend/BtWhisper"
1497;"UI/UIWindow.img/UserList/Friend/BtChat"
1498;"UI/UIWindow.img/UserList/Party/BtCreate"
1499;"UI/UIWindow.img/UserList/Party/BtInvite"
1500;"UI/UIWindow.img/UserList/Party/BtKick"
1501;"UI/UIWindow.img/UserList/Party/BtWithdraw"
1502;"UI/UIWindow.img/UserList/Party/BtWhisper"
1503;"UI/UIWindow.img/UserList/Party/BtChat"
1504;"UI/UIWindow.img/%s/backgrnd"
1506;"Equip"
1507;"Stat"
1508;"Skill"
1509;"skill"
1510;"Skill/"
1511;"bookName"
1512;"MiniMap"
1513;"UserInfo"
1514;"PetInfo"
1515;"Quest"
1517;"Portal"
1518;"Effect/BasicEff.img/Teleport"
1519;"Effect/Tomb.img/fall"
1520;"Etc/ForbiddenName.img"
1521;"error code : %d (%s)"
1522;"error code : %d (%s)
%s"
1523;"%s\shell\open\command"
1524;"%1"
1525;" %1"
1526;".htm"
1527;"%s\MapleExplorer.exe %s"
1528;"CH.%s"
1529;"%I64d"
1530;".."
1531;"Sound/UI.img/"
1532;"Use"
1533;"Sound/Item.img/%08d/%s"
1534;"Sound/Skill.img/%07d/%s"
1535;"Sound/Mob.img/%07d/%s"
1536;"Sound/Summon.img/%d"
1537;"Sound/Weapon.img/%s/%s"
1538;"Sound/Quest.img/%d"
1539;"Sound/Pet.img/Basic/%s"
1540;"Sound/Pet.img/%07d/%s"
1541;"Sound/Game.img/"
1542;"Sound/MiniGame.img/"
1543;"Sound/Object.img/"
1544;".img"
1545;"UI/UIWindow.img/GameMenu/BtSkin"
1546;"UI/UIWindow.img/GameMenu/BtChannel"
1547;"UI/UIWindow.img/GameMenu/BtGameOpt"
1548;"UI/UIWindow.img/GameMenu/BtSysOpt"
1549;"UI/UIWindow.img/GameMenu/BtQuit"
1550;"UI/UIWindow.img/Channel/BtChange"
1551;"UI/UIWindow.img/Channel/BtCancel"
1552;"UI/UIWindow.img/Channel"
1553;"t"
1554;"p"
1555;"m"
1556;"q"
1557;"d"
1558;"O"
1559;"X"
1560;"channel"
1561;"UI/UIWindow.img/ContextMenu"
1562;"UI/UIWindow.img/GameMenu/backgrnd"
1563;"UI/UIWindow.img/GameOpt/backgrnd"
1564;"UI/UIWindow.img/SysOpt/backgrnd"
1565;"UI/UIWindow.img/ShortCut/backgrnd"
1566;"UI/UIWindow.img/ShortCut/BtItem"
1567;"UI/UIWindow.img/ShortCut/BtEquip"
1568;"UI/UIWindow.img/ShortCut/BtStat"
1569;"UI/UIWindow.img/ShortCut/BtSkill"
1570;"UI/UIWindow.img/ShortCut/BtParty"
1571;"UI/UIWindow.img/ShortCut/BtQuest"
1572;"UI/UIWindow.img/ShortCut/BtMessenger"
1573;"String/Mob.img"
1574;"String/Skill.img"
1575;"#k"
1576;"#r"
1577;"#g"
1578;"#b"
1579;"#e"
1580;"#n"
1581;"#l"
1582;"UI/UIWindow.img/UtilDlgEx_Avatar/backgrnd"
1583;"UI/UIWindow.img/UtilDlgEx_Pet/backgrnd"
1584;"UI/UIWindow.img/UtilDlgEx"
1585;"Border/0"
1586;"Border/1"
1587;"Border/2"
1588;"Border/3"
1589;"Border/4"
1590;"Border/5"
1591;"Border/6"
1592;"Border/7"
1593;"BtPrev"
1594;"BtNext"
1595;"BtOK"
1596;"BtCancel"
1597;"BtClose"
1598;"BtYes"
1599;"BtNo"
1600;"UI/UIWindow.img/UtilDlgEx_Avatar/BtPrev"
1601;"UI/UIWindow.img/UtilDlgEx_Avatar/BtNext"
1602;"UI/UIWindow.img/UtilDlgEx_Avatar/nameTag"
1603;"Jump"
1604;"Not a serializable object"
1605;"Not an enumeratable object"
1606;"Map/WorldMap/WorldMap%d.img"
1607;"Map/MapHelper.img/worldMap/mapImage"
1608;"Map/MapHelper.img/worldMap/curPos"
1609;"UI/UIWindow.img/WorldMap/Border/7"
1610;"UI/UIWindow.img/WorldMap/Border/6"
1611;"UI/UIWindow.img/WorldMap/Border/5"
1612;"UI/UIWindow.img/WorldMap/Border/4"
1613;"UI/UIWindow.img/WorldMap/Border/3"
1614;"UI/UIWindow.img/WorldMap/Border/2"
1615;"UI/UIWindow.img/WorldMap/Border/1"
1616;"UI/UIWindow.img/WorldMap/Border/0"
1617;"UI/UIWindow/WorldMap/title"
1618;"BaseImg/0"
1619;"MapList"
1620;"mapNo"
1621;"mapDesc"
1622;"../Data"
1623;"NameSpace#Package"
1624;"Data.wz"
1625;"Gr2D_DX8"
1626;"UI/Basic.img"
1627;"Cursor"
1628;"Failed in creating security thread"
1629;"MenuUp"
1630;"MenuDown"
1631;"eat"
1632;"meso"
1633;"UseShopItem"
1634;"spec"
1635;"moveTo"
1636;"Effect/BasicEff.img/LevelUp"
1638;"x1"
1639;"x2"
1640;"y1"
1641;"y2"
1642;"l"
1643;"uf"
1644;"/?"
1645;"Character/%08d.img"
1646;"Character/Face/%08d.img"
1647;"Character/Hair/%08d.img"
1648;"Character/Cap/%08d.img"
1649;"Character/Accessory/%08d.img"
1650;"Character/Coat/%08d.img"
1651;"Character/Longcoat/%08d.img"
1652;"Character/Pants/%08d.img"
1653;"Character/Shoes/%08d.img"
1654;"Character/Glove/%08d.img"
1655;"Character/Shield/%08d.img"
1656;"Character/Cape/%08d.img"
1657;"Character/Ring/%08d.img"
1658;"Character/PetEquip/%08d.img"
1659;"Character/Weapon/%08d.img"
1660;"String/Item.img"
1661;"String/Map.img"
1663;"Consume"
1664;"Install"
1665;"Etc"
1666;"Item/%s/%04d.img"
1667;"iconD"
1668;"icon"
1669;"iconRawD"
1670;"quickSlot"
1671;"unitPrice"
1672;"UI/CashShop.img/CashItem/0"
1673;"Effect/SetEff.img"
1674;"over"
1675;"time"
1676;"prop"
1677;"id"
1678;"Item/%s"
1679;"slotMax"
1680;"No CRC info"
1681;"CRC info is out-of-data"
1683;"skillType"
1684;"weapon"
1685;"affected"
1686;"effectC"
1687;"Skill/%03d.img/skill/%07d/effect"
1688;"Skill/%03d.img/skill/%07d/level/effect"
1689;"Skill/%03d.img/skill/%07d/affected"
1690;"Skill/%03d.img/skill/%07d/level/affected"
1691;"Skill/%03d.img/skill/%07d/hit/%d"
1692;"Skill/%03d.img/skill/%07d/level/%d/hit/%d"
1693;"Skill/%03d.img/skill/%07d/ball"
1694;"Skill/%03d.img/skill/%07d/level/%d/ball"
1695;"Skill/%03d.img/skill/%07d/mob"
1696;"Skill/%03d.img/skill/%07d/level/mob"
1697;"Skill/%03d.img/skill/%07d/tile"
1698;"Skill/%03d.img/skill/%07d/level/tile"
1699;"Skill/%03d.img/skill/%07d/afterimage"
1700;"Skill/%03d.img/skill/%07d/level/afterimage"
1701;"Skill/%03d.img/skill/%07d/summon"
1702;"Skill/%03d.img/skill/%07d/level/summon"
1704;"afterimage"
1706;"iconDisabled"
1707;"iconMouseOver"
1708;"finalAttack"
1709;"hs"
1710;"PSSkin/%d"
1711;"KeyConfig"
1712;"UI/UIWindow.img/KeyConfig"
1713;"UI/UIWindow.img/KeyConfig/BtClose"
1714;"UI/UIWindow.img/KeyConfig/BtHelp"
1715;"UI/UIWindow.img/KeyConfig/BtOK"
1716;"UI/UIWindow.img/KeyConfig/BtCancel"
1717;"UI/UIWindow.img/KeyConfig/BtDefault"
1718;"UI/UIWindow.img/KeyConfig/BtDelete"
1719;"icon/%d"
1720;"key/%d"
1721;"UI/StatusBar.img/gauge/graduation"
1722;"UI/StatusBar.img/number"
1723;"Lbracket"
1724;"Rbracket"
1725;"percent"
1726;"slash"
1727;"UI/StatusBar.img/key"
1728;"chatBalloon"
1729;"nameTag"
1730;"Tombstone"
1731;"Effect/Tomb.img/land"
1732;"Skill/%3d.img/skill/%d/finish/%d"
1733;"Effect/SkillName%d.img/%07d/0"
1734;"Character/Afterimage/"
1735;"Effect/SetEff.img/%d/effect"
1736;"Effect/ItemEff.img/%d/0"
1737;"Effect/ItemEff.img/%d/1"
1738;"Effect/ItemEff.img/%d"
1739;"Skill/111.img/skill/1111002/state/%d"
1740;"Skill/111.img/skill/1111002/state/0"
1741;"Effect/ItemEff.img/1112001/0"
1742;"Effect/ItemEff.img/1112001/1"
1743;"RMA"
1744;"LMA"
1745;"LCWN"
1746;"scrRRate"
1747;"scrFirstRun"
1748;"soVideo"
1749;"soBGMVol"
1750;"soBGMMute"
1751;"soSEVol"
1752;"soSEMute"
1753;"soScreenShot"
1754;"soMouseSpeed"
1755;"uiWndX%d"
1757;"uiOpt%d"
1758;"%s\g%d_%d_%08X"
1759;"%s\l_%08X"
1760;"funcKeyMapped_Type%d"
1761;"funcKeyMapped_ID%d"
1762;"goMiniMap"
1763;"goWhisper"
1764;"goFriend"
1765;"goMessenger"
1766;"goExchange"
1767;"goParty"
1768;"goGame"
1769;"goKeyConfig"
1770;"goChatType"
1771;"ListenBlockedFriend_cnt"
1772;"ListenBlockedFriend_%d"
1773;"TalkBlockedFriend_cnt"
1774;"TalkBlockedFriend_%d"
1775;"神秘岛"
1776;"prepare"
1777;"Skill/%03d.img/skill/%07d/prepare"
1778;"special"
1779;"Skill/%03d.img/skill/%07d/special"
1780;"UI/UIWindow.img/MinigameTable/Effect"
1781;"是%d强战竞赛。"
1782;"是半决赛。"
1783;"是决赛。"
1784;"Map/Map/Map%d/%09d.img"
1785;"repeat"
1786;"Map/Effect.img/%s"
1787;"Character/Afterimage/hit.img/anniversary"
1788;"UI/UIWindow.img/KeyConfig/notice/%d"
1789;"UI/StatusBar.img/base/chatTarget"
1790;"UI/StatusBar.img/base/quickSlot"
1791;"现在不是销售时刻。"
1792;"这种商品已经卖完了。"
1793;"UI/CashShop.img/GuideWords/%d"
1794;"以不战而胜进出到%d强战。"
1795;"以不战而胜进出到半决赛。"
1796;"以不战而胜进出到决赛。"
1797;"msexcr.ini"
1798;"Damage"
1799;"Die"
1800;"Attack1"
1801;"Attack2"
1802;"Attack3"
1803;"Attack4"
1804;"Attack5"
1805;"Attack6"
1806;"Attack7"
1807;"Attack8"
1808;"AttackF"
1809;"Skill1"
1810;"Skill2"
1811;"Skill3"
1812;"Skill4"
1813;"SkillF"
1814;"CharDam1"
1815;"CharDam2"
1816;"CharDamF"
1817;"Summon"
1818;"Bomb"
1819;"Regen"
1820;"Attack"
1822;"SOFTWARE\Wizet\MapleStory"
1823;"SKO"
1824;"This client can be executed only in Chinese code-page"
1825;"Failed in initializing COM"
1826;"UI/UIWindow.img/Channel/world/%d"
1827;"UI/UIWindow.img/Channel/world/t%d"
1828;"channel0"
1829;"channel1"
1830;"channel2"
1831;"Sound/Field.img/%s"
1832;"UI/UIWindow.img/Channel/ch/%d"
1833;"UI/Basic.img/BtHide"
1834;"UI/UIWindow.img/UserInfo/ReqLv"
1835;"UI/UIWindow.img/UserInfo/bottom"
1836;"UI/UIWindow.img/UserInfo/BtPetHide"
1837;"UI/UIWindow.img/UserInfo/BtPetShow"
1838;"UI/UIWindow.img/UserInfo/BtItem"
1839;"UI/UIWindow.img/UserInfo/BtWish"
1840;"UI/UIWindow.img/UserInfo/BtParty"
1841;"UI/UIWindow.img/UserInfo/BtTrade"
1842;"UI/Basic.img/BtUP"
1843;"UI/Basic.img/BtDown"
1844;"UI/Basic.img/BtClose"
1845;"UI/UIWindow.img/ContextMenu/backgrnd"
1846;"UI/UIWindow.img/ContextMenu/BtInfo"
1847;"UI/UIWindow.img/ContextMenu/BtSave"
1848;"UI/UIWindow.img/ContextMenu/BtWhisper"
1849;"UI/UIWindow.img/PersonalShop/select"
1850;"UI/UIWindow.img/PersonalShop/BtBuy"
1851;"UI/UIWindow.img/PersonalShop/BtClose"
1852;"UI/UIWindow.img/PersonalShop/BtExit"
1853;"UI/UIWindow.img/PersonalShop/BtInfo"
1854;"UI/UIWindow.img/PersonalShop/BtItem"
1855;"UI/UIWindow.img/PersonalShop/BtEnter"
1856;"UI/UIWindow.img/PersonalShop/bar"
1857;"UI/UIWindow.img/PersonalShop/backgrnd3"
1858;"MaxMap"
1859;"MinMap"
1860;"购买人 : %s"
1861;"购买的数量 : %d"
1862;"UI/UIWindow.img/Memo/backgrnd"
1863;"UI/UIWindow.img/Memo/backgrnd3"
1864;"UI/UIWindow.img/Memo"
1865;"innerTop"
1866;"innerCenter"
1867;"innerBottom"
1868;"line"
1869;"%d.%02d.%02d %02d:%02d"
1870;"UI/UIWindow.img/Memo/BtSave"
1871;"UI/UIWindow.img/Memo/BtDelete"
1872;"UI/UIWindow.img/Memo/BtOpen"
1873;"关闭消息窗，所有消息将被清除
你要继续吗？"
1874;"条消息来了。"
1875;"UI/StatusBar.img/FontMemo"
1876;"box"
1877;"iconRed"
1878;"iconBlue"
1879;"iconMemo"
1880;"check0"
1881;"check1"
1882;"FontTime"
1883;"对方现在连接了游戏
请你利用悄悄话功能。"
1884;"请输入要接受消息的角色名。"
1885;"对方的消息保管箱已满了。
等以后再式。"
1886;"你可以发送最大100字(汉字 50字)的消息"
1887;"UI/Basic.img/Tab"
1888;"/left%d"
1889;"/middle%d"
1890;"/right%d"
1891;"/fill%d"
1892;"UI/UIWindow.img/Skill/line"
1893;"UI/UIWindow.img/Item/Tab/enabled"
1894;"UI/UIWindow.img/Item/Tab/disabled"
1895;"UI/UIWindow.img/Quest/Tab/enabled"
1896;"UI/UIWindow.img/Quest/Tab/disabled"
1897;"UI/UIWindow.img/Skill/Tab/enabled"
1898;"UI/UIWindow.img/Skill/Tab/disabled"
1899;"UI/UIWindow.img/UserList/Tab/enabled"
1900;"UI/UIWindow.img/UserList/Tab/disabled"
1901;"UI/UIWindow.img/Shop/TabSell/enabled"
1902;"UI/UIWindow.img/Shop/TabSell/disabled"
1903;"UI/UIWindow.img/Shop/TabBuy/enabled"
1904;"UI/UIWindow.img/Shop/TabBuy/disabled"
1905;"space"
1906;"UI/Basic.img/Notice3/t"
1907;"UI/Basic.img/Notice3/c"
1908;"UI/Basic.img/Notice3/s"
1909;"UI/Basic.img/Notice4/s"
1910;"UI/Basic.img/YesNo3/t"
1911;"UI/Basic.img/YesNo3/c"
1912;"UI/Basic.img/YesNo3/s"
1913;"%d点券"
1914;"UI/CashShop.img/CSNotice/0"
1915;"pos"
1916;"town"
1917;"UI/UIWindow.img/UserInfo/BtPresent"
1918;"UI/UIWindow.img/UtilDlgEx/t"
1919;"UI/UIWindow.img/UtilDlgEx/c"
1920;"UI/UIWindow.img/UtilDlgEx/s"
1923;"Npc/%07d.img/info/default"
1924;"Npc/%07d.img/stand/0"
1925;"UI/UIWindow.img/UtilDlgEx/bar"
1926;"UI/UIWindow.img/UtilDlgEx/line"
1927;"Etc/Commodity.img"
1928;"这里没有跳板。"
1930;"请输入消息的内容。"
1931;"到自己不能发送消息。"
1932;"发送消息了。"
1933;"Skill/231.img/skill/2311002/mDoor"
1934;"Skill/231.img/skill/2311002/Frame"
1935;"Skill/231.img/skill/2311002/cDoor"
1936;"Character/Afterimage/%s/charge/%d"
1937;"UI/UIWindow.img/FadeYesNo/backgrnd3"
1938;"因为对方现在拒绝悄悄话的状态。你也可能不会接受答应。"
1939;"Skill/%03d.img/skill/%07d/summon/%s/info/effect"
1940;"Skill/%03d.img/skill/%07d/summon/%s/info/hit"
1941;"Skill/%03d.img/skill/%07d/summon/%s/info/ball"
1943;"UI/UIWindow.img/FadeYesNo/icon5"
1944;"UI/UIWindow.img/Messenger/BtEnter"
1945;"'%s'玩家正在做别的事情"
1946;"UI/UIWindow.img/UtilDlgEx_Avatar/BtExit"
1947;"spell"
1948;"personalShop"
1949;"sample"
1950;"Effect/BasicEff.img/Flying"
1951;"magic2"
1952;"skill1"
1953;"skill2"
1954;"skill3"
1955;"skill4"
1956;"skillF"
1957;"Mob/%07d.img/info/skill/%03d/effect"
1958;"Mob/%07d.img/info/skill/%03d/hit"
1959;"Mob/%07d.img/info/skill/%03d/mob"
1960;"/selected/0"
1961;"/normal/1"
1962;"/pressed/1"
1963;"/disabled/1"
1964;"/mouseOver/1"
1965;"/selected/1"
1966;"/normal/2"
1967;"/pressed/2"
1968;"/disabled/2"
1969;"/mouseOver/2"
1970;"/selected/2"
1971;"UI/UIWindow.img/Minigame/Common/Lock"
1972;"UI/UIWindow.img/Minigame/Common/Unlock"
1973;"找不到说“悄悄话”的对象"
1974;"⒏"
1975;" |"
1976;" ⒑"
1977;"收到'%s'
 赠送的
%d个[%s]"
1978;"%03d"
1979;"s%d"
1980;"coconut"
1981;"countFalling"
1982;"countBombing"
1983;"countStopped"
1984;"Map/Obj/etc.img/coconut/backgrnd"
1985;"Map/Obj/etc.img/coconut/fontScore"
1986;"Map/Obj/etc.img/coconut/fontTime"
1987;"Map/Obj/etc.img/clock/fontTime"
1988;"%02d:%02d"
1989;"SN"
1990;"ItemId"
1991;"Count"
1992;"Price"
1993;"Priority"
1994;"Period"
1995;"MaplePoint"
1996;"Meso"
1997;"Premium"
1998;"Gender"
1999;"OnSale"
2000;"Skill/MobSkill.img"
2002;"Skill/MobSkill.img/%03d/level/%d/effect"
2003;"Skill/MobSkill.img/%03d/level/%d/hit"
2004;"Skill/MobSkill.img/%03d/level/%d/mob"
2005;"summonEffect"
2006;"limit"
2007;"rotatePeriod"
2008;"UI/Basic.img/ComboBox"
2009;"UI/Basic.img/Cursor/arrow"
2010;"soTremble"
2011;"被赠方角色名"
2012;"UI/UIWindow.img/Coupon/text/disabled"
2013;"UI/UIWindow.img/Coupon/text/normal"
2014;"UI/UIWindow.img/Minigame/Common/text/disabled"
2015;"UI/UIWindow.img/Minigame/Common/text/normal"
2016;"密码"
2017;"现金道具[%s]
已经过期
该道具已经消失。"
2018;"Effect/BasicEff.img/Assaulter/remain"
2019;"Effect/BasicEff.img/Assaulter/effect"
2020;"scrollDisable"
2021;"bulletSpeed"
2022;"Summoned"
2023;"Hit"
2024;"/slide"
2025;"/slidec"
2026;"/slidem"
2027;"/slidex"
2028;"/slidecx"
2029;"/slidemx"
2030;"/slideax"
2031;"DelayedHit"
2032;"UI/UIWindow.img/Notice/0"
2033;"UI/UIWindow.img/Notice/1"
2034;"UI/Basic.img/BtYes2"
2035;"UI/Basic.img/BtNo2"
2036;"Etc/BlockReason.img"
2037;"从%04d年 %d月 %d日 %02d时以后
才可以登录游戏"
2038;"您的HP不够，不能使用该技能。"
2039;"您的MP不够，不能使用该技能。"
2040;"您的金币不够，不能使用该技能。"
2041;"您的物品数量不够，不能使用该技能。"
2042;"你现在装备的武器，不能使用该技能。"
2043;"UI/UIWindow.img/TradingRoom/BtCancel"
2044;"UI/CashShop.img/CSIcon/%d"
2045;"UI/UIWindow.img/Trunk/select"
2046;"UI/UIWindow/Trunk/BtExit"
2047;"UI/UIWindow/Trunk/BtOutCoin"
2048;"UI/UIWindow/Trunk/BtInCoin"
2049;"UI/UIWindow.img/Trunk/Tab/enabled"
2050;"UI/UIWindow.img/Trunk/Tab/disabled"
2051;"soChatType"
2052;"disease"
2053;"礼包商品，不能使用“购买试穿产品”功能。"
2054;"Etc/CashPackage.img"
2055;"rect"
2056;"Map/Obj/etc.img/timer/backgrnd"
2057;"UI/Login.img/Notice/BtNexon"
2059;"areaCount"
2060;"Effect/BasicEff.img/Summoned"
2061;"http://www.nexon.com"
2062;"areaWarning"
2063;"areaAttack"
2064;"这个程序不能和冒险岛Online一起运行！如果结束这个程序，该程序的状态或相关的数据将会丢失，你要结束这个程序吗？

"
2065;"被永久禁止登陆的账户，不能使用。"
2066;"Item/Special/0910.img/%d"
2067;"UI/CashShop.img/CSDiscount"
2068;"total"
2069;"管理员不能开设组队"
2070;"按价格排序"
2071;"按人气排序"
2072;"按推出时间的先后排序"
2073;"goQuickType"
2074;"该道[%s]具已经过期消失了。"
2075;"DateExpire"
2076;"timeLimited"
2077;"coChatWndH"
2078;"UI/Basic.img/Cursor/%d"
2079;"现在不能截图。请稍后再试。"
2080;"UI/StatusBar.img/base/chat"
2081;"deadlyAttack"
2082;"tremble"
2083;"Ver. %d.%d"
2085;"selfDestruction"
2086;"UI/UIWindow.img/SoftKeyboard/backgrnd"
2087;"UI/UIWindow.img/SoftKeyboard/BtClose"
2088;"UI/UIWindow.img/SoftKeyboard/key/%d"
2089;"UI/UIWindow.img/SoftKeyboard/key/%d/%d"
2090;"UI/Login.img/Membership/msbackgrnd"
2091;"UI/Login.img/Membership/text/%d"
2092;"UI/Login.img/Membership/BtYes"
2093;"UI/Login.img/Membership/BtNo"
2094;"UI/Login.img/Membership/scroll/0"
2095;"UI/Login.img/Membership/scroll/1"
2096;"UI/Login.img/Membership/BtCheck"
2097;"UI/Login.img/Title/BtSoftKeyboard"
2098;"超过了字符限制范围。"
2099;"账号名不正确"
2100;"你使用了非法符号。"
2101;"发生未知错误"
2103;"密码不正确。"
2104;"您输入的生日格式不正确。"
2105;"必填项未输入"
2106;"身份证号码不正确。"
2107;"账号名的格式不正确。"
2108;"恭喜！您已经注册成功！
请牢记您的账号并妥善保管您的密码！
同时这也是您的POPTANG帐号。
您可以登陆www.poptang.com享受更多服务！
您可以登陆www.poptang.com进行密码修改和密码找回！"
2109;"注册失败，请你再试。"
2110;"你无法过去该地方"
2111;"UI/Logo.img/Shanda"
2113;"对不起，正在准备冒险岛ONLINE商城"
2117;"UI/Login.img/Title/Gender/Backgrnd"
2118;"http://www.poptang.com/friend/register/register.asp?from=/home/"
2119;"UI/Login.img/Membership/BtLink"
2120;"您所选择的游戏区已经人满，请您选择其他区创建角色或进行游戏"
2121;"您所选择的游戏区人数较多，建议您选择其他区创建角色或进行游戏"
2122;"UI/Gateway.img/WorldSelect/BtDot"
2123;"UI/Gateway.img/WorldSelect"
2124;"UI/Gateway.img/WorldSelect/icon"
2125;"UI/Gateway.img/WorldSelect/step/0"
2126;"UI/Gateway.img/WorldSelect/shadow"
2127;"UI/Gateway.img/WorldSelect/BtQuit"
2128;"UI/Gateway.img/WorldSelect/BtReturn"
2129;"UI/Gateway.img/WorldSelect/BtButton%d"
2130;"您输入的领奖号码是：
[%s] 
请您务必仔细确认是否正确。
警告:如果领奖号码输入错误，
将会被立即强制下线。
"
2131;"第一大区 : 风之大陆Ⅰ"
2132;"第二大区 : 光之大陆"
2133;"第三大区 : 风之大陆Ⅱ"
2134;"本大区已暂停新账号注册和
新PT账号登陆，点击“返回上一项”
选择其他大区创建新账号进入游戏。
曾经登陆过的账号不受影响
可以直接登陆。"
2135;"停创建角色：本服务器人数已满，
暂停新角色创建！请选择其他服务器！"
2136;"%s%d"
2137;"woshiganmade"
2138;"UI/Login.img/WorldSelect/BtGateway/%d"
2139;"EKEYUSE"
2140;"UI/Login.img/Title/BtEkeyUse"
2141;"invincible"
2142;"effectDistance"
2143;"randomPos"
2144;"doFirst"
2145;"UI/CashShop.img/CSChar/BtTakeoffAvatar"
2146;"String/ToolTipHelp.img/Shop/Button/TakeoffAvatar"
2147;"UI/UIWindow.img/IconBase/0"
2148;"Pet"
2150;"mpBurn"
2151;"你的技能被封印不能使用。"
2152;"你处于虚弱状态，不能跳跃。"
2153;"你处于昏迷状态，不能移动。"
2154;"你被诅咒了。会获得的经验值减少。"
2155;"你处于暗黑状态，命中率减少了。"
2156;"你已经中毒了，HP逐渐减少。"
2157;"UI/UIWindow.img/UtilDlgEx/dot0"
2158;"UI/UIWindow.img/UtilDlgEx/dot1"
2159;"soHPFlash"
2160;"UI/StatusBar.img/gauge/hpFlash"
2161;"UI/UIWindow.img/Megaphone/backgrnd"
2162;"UI/UIWindow.img/Megaphone/ch%d"
2163;"UI/UIWindow.img/Megaphone/Num/%d"
2164;"对方所有的金币已经超过了限制。你不能继续交易。"
2165;"该商品的价格太贵。你不能继续交易"
2166;"UI/UIWindow.img/Reset/Common/BtUP"
2167;"UI/UIWindow.img/Reset/Common/BtDown"
2168;"UI/UIWindow.img/Reset/AP/backgrnd"
2169;"UI/UIWindow.img/Reset/AP/backgrnd2"
2170;"UI/UIWindow.img/Reset/AP/backgrnd3"
2171;"(-%d)"
2172;"(+%d)"
2173;"UI/UIWindow.img/Reset/AP/stat%d/%d"
2174;"UI/UIWindow.img/Reset/SP/skill0"
2175;"UI/UIWindow.img/Reset/SP/skill1"
2176;"UI/UIWindow.img/Reset/SP/line"
2177;"UI/UIWindow.img/Reset/SP/backgrnd"
2178;"UI/UIWindow.img/Reset/SP/backgrnd1"
2179;"UI/UIWindow.img/Reset/SP/backgrnd2"
2180;"UI/UIWindow.img/Reset/SP/backgrnd3"
2181;"UI/UIWindow.img/Reset/SP/Tab/enabled"
2182;"UI/UIWindow.img/Reset/SP/Tab/disabled"
2183;"UI/UIWindow.img/Reset/SP/Tab/disabled/%d"
2184;"* 开聊天窗后按下Tab键或关闭聊天窗"
2185;"按下数字1，2，3键，你可以设定为多对话对方"
2186;"UI/UIWindow.img/Teleport/backgrnd"
2187;"UI/UIWindow.img/Teleport/select"
2188;"UI/UIWindow.img/Teleport/BtRegister"
2189;"UI/UIWindow.img/Teleport/BtDelete"
2190;"UI/UIWindow.img/Teleport/BtMove"
2191;"现在找不到%s玩家的位置。
不能作瞬间移动。"
2192;"不能瞬间移动的地图。"
2193;"你不能设定自己为瞬间移动的对象。"
2194;"不能登录的地图。"
2195;"你的地图目录已经满了。请你删除以前的地图名。"
2196;"已经登录的地图"
2197;"你现在位置的地图。"
2198;"你要将下面地图增加
在地图目录？
[%s]"
2199;"你在地图目录
删除下面的地图？
[%s]"
2200;"你确定要移动到以下的地图吗？
[%s]"
2201;"String/ToolTipHelp.img/Game/Button/MapTransfer/Register"
2202;"String/ToolTipHelp.img/Game/Button/MapTransfer/Delete"
2203;"String/ToolTipHelp.img/Game/Button/MapTransfer/Move"
2204;"你已经有这种道具
不能购买。"
2205;"你使用了护身符，经验值没有减少。(剩下%d天/%d次)"
2206;"everlast"
2207;"Reactor"
2208;"drag"
2209;"force"
2210;"quest"
2211;"Effect/SetEff.img/%d/backgrnd"
2212;"请你输入要赠送的角色名。"
2213;"%d 困"
2214;"UI/Login.img/CharSelect/scroll/%1d"
2215;"UI/Login.img/CharSelect/icon/%s"
2216;"reactor"
2217;"effectType"
2218;"noFlip"
2219;"你不能再取得这种道具。"
2220;"不能移动到您指定的位置."
2221;"Map/Map/AreaCode.img"
2222;"『内内秤矫琉』捞亥飘啊 矫累 登菌嚼聪促."
2223;"『皋捞敲』评狼 %s 丛捞 内内秤阑 裙垫窍继嚼聪促."
2224;"『胶配府』评狼 %s 丛捞 内内秤阑 裙垫窍继嚼聪促."
2225;"『内内秤矫琉』捞亥飘啊 辆丰 登菌栏哥 促澜 甘栏肺 捞悼邓聪促. 泪矫父 扁促妨林技夸."
2226;"/牢盔"
2227;"傈眉:%d 皋捞敲:%d 胶配府:%d"
2228;"内内秤狼 荐啊 悼老窍咯 力茄矫埃 2盒捞 眠啊登菌嚼聪促."
2229;"2盒 救俊 铰何啊 唱瘤 臼阑 版快 滴 评 葛滴 菩硅 贸府 登哥 惑前捞 瘤鞭登瘤 臼嚼聪促."
2230;"『皋捞敲』评苞 『胶配府』评狼 内内秤 荐啊 悼老窍咯 公铰何肺 捞亥飘啊 辆丰登菌嚼聪促."
2231;"『皋捞敲』评捞 铰府窍看嚼聪促."
2232;"『胶配府』评捞 铰府窍看嚼聪促."
2233;"胶乔靛 OX 柠令俊辑 %d 疙捞 呕遏沁嚼聪促."
2234;"『传耽捞 奔府扁』捞亥飘啊 辆丰 登菌栏哥 促澜 甘栏肺 捞悼邓聪促. 泪矫父 扁促妨林技夸."
2235;"http://mapletester.nexon.com/members/find_password.aspx"
2236;"http://mapletester.nexon.com"
2238;"Sound/Reactor.img/%s/%s"
2240;"Reactor/%s.img"
2241;"event"
2242;"Reactor/%07d.img"
2243;"%d/hit"
2244;"event/%d/hit"
2245;"丛捞 流立 父甸菌嚼聪促."
2246;"pickupAll"
2247;"white"
2248;"black"
2249;"hide"
2250;"hideName"
2251;"UI/Basic.img/BtOK3"
2252;"UI/Basic.img/BtCancel3"
2253;"UI/CashShop.img/CSNotice/2/backgrnd"
2254;"UI/CashShop.img/CSNotice/3/backgrnd"
2256;"你不能向自己送礼物"
2257;"你可以留言最多36字符。"
2258;"请你输入留言的内容。"
2259;"给你的礼物"
2260;"请你输入心中想说的。"
2261;"原价：%d 点卷"
2262;"打折："
2263;"UI/CashShop.img/CSEffect/effect/0"
2264;"UI/CashShop.img/CSEffect/%s"
2265;"Class"
2266;"Limit"
2267;"new"
2268;"hot"
2269;"sale"
